年级,班级,姓名,语文,数学,外语,物理,化学,生物,政治,历史,地理
本高2023届,3班,瞿贞香,114,113,141,/,/,/,78,84,82
本高2023届,4班,魏臻玺,/,/,126.5,/,/,78,56,80,/
本高2023届,8班,戚纯好,94,93,119.5,59,33,48,/,/,/
本高2023届,8班,褚曦或,104,126,130.5,80,61,68,/,/,/
本高2023届,11班,章竹嫒,122,129,137,87,72,/,/,/,82
本高2023届,1班,贡嫣燕,108,134,120,97,73,82,/,/,/
本高2023届,1班,梅恺子,117,109,134.5,75,57,/,/,/,79
本高2023届,1班,蔡蕴婉,109,110,137,89,70,79,/,/,/
本高2023届,1班,伏伦西,108,128,125,79,66,81,/,/,/
本高2023届,2班,祁葵诗,107,91,136,/,/,70,68,82,/
本高2023届,2班,殷营鑫,117,114,127.5,/,/,62,56,76,/
本高2023届,2班,夏朵忆,103,95,120,/,/,/,59,80,80
本高2023届,3班,吕卉笛,108,114,134,/,/,/,79,79,80
本高2023届,3班,羿仪俐,98,52,110,/,/,/,35,76,56
本高2023届,3班,宗萱瑛,115,114,141.5,/,/,/,/,72,79.5
本高2023届,3班,邬霓优,95,80,/,/,/,/,/,/,/
本高2023届,3班,郜清羿,105,107,134,/,/,47,60,79,/
本高2023届,3班,邵汝可,118,127,134,/,/,/,67,89,84.5
本高2023届,3班,娄唯蔷,98,109,138.5,/,/,/,66,78,62
本高2023届,3班,羿霁凤,103,100,135,/,/,/,71,74,84
本高2023届,4班,柏凡妹,104,62,132,/,/,58,46,77,/
本高2023届,4班,李纬滔,102,95,117.5,/,/,70,66,80,/
本高2023届,4班,袁溢源,109,121,120,/,/,55,77,82,/
本高2023届,5班,伊婧骊,/,/,109,45,21,/,/,/,73
本高2023届,5班,莫琛胡,111,98,127.5,71,43,/,/,/,59
本高2023届,5班,骆茹悦,106,107,121.5,83,66,/,/,/,71
本高2023届,6班,许普奕,103,133,136,100,73,78,/,/,/
本高2023届,6班,彭珉月,117,110,141.5,83,72,/,69,/,/
本高2023届,6班,郑拓燃,106,126,128,87,61,81,/,/,/
本高2023届,6班,裴露品,113,131,130.5,86,66,/,/,/,75
本高2023届,6班,奚星珍,118,122,124,72,66,89,/,/,/
本高2023届,7班,咎疆泽,119,134,138.5,93,82,85,/,/,/
本高2023届,8班,雷航焘,96,140,124.5,64,57,82,/,/,/
本高2023届,8班,韩知优,104,128,118.5,78,65,71,/,/,/
本高2023届,8班,郝枫熹,108,99,134,69,37,72,/,/,/
本高2023届,8班,樊疆淮,114,102,117,78,55,71,/,/,/
本高2023届,8班,罗怀宸,103,145,114,95,76,78,/,/,/
本高2023届,9班,黄澎朔,102,110,102.5,80,61,76,/,/,/
本高2023届,9班,钟晴连,95,79,112,58,/,/,55,/,/
本高2023届,10班,钱创均,99,99,110.5,63,/,65,/,/,71
本高2023届,10班,经德宜,98,132,119,88,80,70,/,/,/
本高2023届,11班,张妙霓,94,109,130.5,72,59,/,/,/,60
本高2023届,11班,窦娆栋,99,123,136.5,69,56,/,/,/,69.5
本高2023届,11班,穆锨霖,105,129,124,83,55,/,/,/,78
本高2023届,11班,陈恋玮,100,113,124,88,69,/,/,/,73
本高2023届,11班,顾琥霖,102,100,109.5,41,42,/,/,/,68
本高2023届,12班,苗舸林,98,115,/,/,/,/,/,/,/
本高2023届,12班,郭圣俭,105,94,121,63,58,/,/,/,65
本高2023届,12班,骆雅娅,104,89,119,62,38,/,/,/,69.5
本高2023届,12班,孔忠然,97,102,81,80,63,72,/,/,/
本高2023届,12班,平悦卉,116,103,132.5,68,71,65,/,/,/
本高2023届,12班,伊保旭,/,/,/,/,71,64,/,/,/
本高2023届,13班,袁逊勉,94,117,106,83,54,73,/,/,/
本高2023届,13班,龚晔幸,102,103,59,68,/,/,/,/,/
本高2023届,13班,彭言舜,98,101,112.5,63,47,56,/,/,/
本高2023届,13班,龚新旗,97,115,113,81,72,69,/,/,/
本高2023届,13班,郎远廷,111,94,108,47,30,61,/,/,/
本高2023届,13班,沈敏柳,101,91,131.5,80,55,72,/,/,/
本高2023届,13班,皮雯妲,101,97,51.5,52,51,53,/,/,/
本高2023届,13班,柏洋灏,108,103,128.5,78,52,68,/,/,/
本高2023届,14班,郑会弋,110,105,131,61,53,/,/,/,62
本高2023届,14班,谢瑜曼,107,115,125.5,77,56,68,/,/,/
本高2023届,14班,刘根璋,106,108,124.5,70,62,/,72,/,/
本高2023届,14班,赖杰曦,104,115,/,72,55,/,/,/,54
本高2023届,15班,段婧霁,110,92,106,83,56,/,52,/,/
本高2023届,15班,蒋咏双,97,117,113.5,86,57,/,58,/,/
本高2023届,2班,农爽尚,119,91,/,/,/,71,56,/,/
本高2023届,2班,赖飙哲,102,116,122,/,/,69,70,88,/
本高2023届,4班,戴翰喜,98,95,127,/,/,47,58,70,/
本高2023届,5班,幸蕙璇,111,112,123,73,40,/,/,/,73
本高2023届,5班,吕为玲,106,96,109,85,47,/,/,/,71
本高2023届,6班,魏曙烽,105,125,142.5,84,70,90,/,/,/
本高2023届,7班,翁燃革,106,136,127.5,93,74,84,/,/,/
本高2023届,7班,水众阔,116,137,139,100,85,94,/,/,/
本高2023届,7班,唐伶璐,116,146,142,91,75,83,/,/,/
本高2023届,10班,俞佳钊,103,103,124.5,83,59,78,/,/,/
本高2023届,10班,韶烈耀,107,110,126,63,/,64,/,/,73
本高2023届,12班,孔佳忱,110,119,132.5,70,51,71,/,/,/
本高2023届,1班,高祺品,107,122,132.5,92,69,86,/,/,/
本高2023届,2班,庞绚鸽,118,111,123,/,/,65,75,86,/
本高2023届,3班,郭忠民,/,/,/,/,/,/,24,/,/
本高2023届,4班,周玲纯,95,82,136,/,/,/,72,71,66
本高2023届,8班,滑里琦,98,125,113.5,82,68,86,/,/,/
本高2023届,11班,凤原启,94,96,123.5,53,37,/,/,/,69
本高2023届,12班,侯爱梓,104,105,140,77,50,65,/,/,/
本高2023届,12班,缪言焰,107,103,106,47,56,/,/,/,72.5
本高2023届,13班,惠朋言,105,91,99.5,60,34,51,/,/,/
本高2023届,13班,毕斐言,102,82,110.5,76,50,66,/,/,/
本高2023届,14班,包玥耘,105,104,133,80,71,/,/,/,53
本高2023届,15班,惠沫绚,101,100,117,62,52,64,/,/,/
本高2023届,1班,束齐璋,116,127,120,87,65,/,/,/,76.5
本高2023届,1班,谢雨峥,110,133,134.5,90,68,/,/,/,78
本高2023届,1班,穆诺澄,105,123,127,89,51,65,/,/,/
本高2023届,2班,舒绮华,120,108,124,/,/,/,69,90,74
本高2023届,3班,谢棋燃,123,109,137.5,/,/,81,63,83,/
本高2023届,4班,蒋曼蓓,49,41,/,/,/,/,/,/,/
本高2023届,6班,尤玥莲,112,98,126.5,81,51,/,60,/,/
本高2023届,6班,阮岑庚,103,102,/,71,/,/,/,/,/
本高2023届,6班,贾汝蔚,113,135,133,83,86,80,/,/,/
本高2023届,7班,成迎浪,123,127,141,85,75,/,/,/,82
本高2023届,8班,松骥雄,105,91,123,56,36,61,/,/,/
本高2023届,8班,傅晏成,112,106,128,63,51,78,/,/,/
本高2023届,9班,贾滨林,103,102,132.5,85,47,67,/,/,/
本高2023届,12班,洪晔晴,99,99,135,88,74,/,65,/,/
本高2023届,12班,姬馨珏,110,95,106,75,48,61,/,/,/
本高2023届,12班,经钰漫,100,120,129.5,92,76,73,/,/,/
本高2023届,14班,田祺爱,93,103,112,57,36,52,/,/,/
本高2023届,15班,俞航雁,84,92,96.5,58,41,75,/,/,/
本高2023届,1班,明凌启,106,135,133.5,87,83,93,/,/,/
本高2023届,1班,徐蝶真,100,105,128.5,61,51,34,/,/,/
本高2023届,1班,毛欣吟,114,131,134.5,89,75,91,/,/,/
本高2023届,1班,幸晗裙,105,114,140,81,63,80,/,/,/
本高2023届,2班,王玫良,117,89,138.5,/,/,/,60,72,74
本高2023届,2班,林竹根,97,57,103,/,/,/,58,71,65
本高2023届,2班,孟瑛菁,108,93,126.5,/,/,55,59,75,/
本高2023届,2班,翁川帅,105,74,124.5,/,/,/,58,71,69.5
本高2023届,2班,韩娣励,112,82,137,/,/,/,52,83,67.5
本高2023届,3班,尤钟柱,121,120,135.5,/,/,/,64,84,75.5
本高2023届,3班,纪泉才,107,113,138.5,/,/,/,67,77,73.5
本高2023届,3班,井晔思,110,129,137,/,/,/,60,79,74
本高2023届,3班,蔡声灵,117,116,118.5,/,/,63,80,82,/
本高2023届,4班,施嵘琦,112,111,128,/,/,/,66,87,80.5
本高2023届,4班,蔡南联,110,92,130,/,/,63,63,70,/
本高2023届,4班,杭雷赞,52,62,112.5,/,/,/,33,51,61
本高2023届,4班,傅辉发,109,113,131,/,/,73,78,85,/
本高2023届,6班,温彤婕,102,107,108.5,76,47,/,56,/,/
本高2023届,6班,洪贞婉,102,116,126.5,69,65,83,/,/,/
本高2023届,7班,卢岱攀,117,116,137.5,84,69,85,/,/,/
本高2023届,7班,薛齐灏,121,141,136,92,81,74,/,/,/
本高2023届,7班,魏莉玲,128,126,144.5,/,/,/,80,95,92
本高2023届,7班,许满策,112,138,137,97,67,88,/,/,/
本高2023届,7班,邹韵齐,115,137,131,89,76,/,/,/,86
本高2023届,7班,殷翔黎,123,138,136,98,76,91,/,/,/
本高2023届,8班,邓园宾,109,120,124.5,73,60,77,/,/,/
本高2023届,8班,嵇崧朋,105,114,102,83,60,70,/,/,/
本高2023届,8班,施标谦,106,127,113.5,88,58,72,/,/,/
本高2023届,9班,戚凌洲,109,101,125.5,71,55,/,66,/,/
本高2023届,10班,宫迁胡,98,87,114.5,51,/,77,/,/,57
本高2023届,10班,奚凌妙,101,87,/,48,47,66,/,/,/
本高2023届,11班,翁娜梅,107,110,126,75,48,/,/,/,62
本高2023届,11班,白钟朗,100,110,128.5,67,56,/,/,/,64
本高2023届,11班,邢雪喻,111,125,129,85,63,/,/,/,75
本高2023届,11班,滑彬好,110,102,133,90,67,/,/,/,71
本高2023届,11班,何然彩,110,111,115.5,60,52,/,/,/,59.5
本高2023届,11班,穆慈跃,105,102,117.5,63,48,/,/,/,67
本高2023届,11班,计利耿,103,109,125.5,83,61,/,/,/,75
本高2023届,11班,束敏朦,107,90,119.5,60,47,/,/,/,70.5
本高2023届,12班,邹郁满,97,116,120,65,64,/,63,/,/
本高2023届,12班,柏洵泽,104,76,129.5,62,48,69,/,/,/
本高2023届,12班,李碧格,98,101,109,47,51,72,/,/,/
本高2023届,12班,曹桑纯,107,109,139,88,47,78,/,/,/
本高2023届,12班,柏前溪,114,129,140.5,73,70,78,/,/,/
本高2023届,13班,殷鹭蔷,95,90,121,74,58,69,/,/,/
本高2023届,13班,奚信晗,97,122,94.5,69,49,42,/,/,/
本高2023届,13班,蔡歌舰,82,93,108.5,83,76,73,/,/,/
本高2023届,13班,钱眉音,110,82,86.5,53,46,72,/,/,/
本高2023届,13班,凌若焰,111,116,128,82,55,77,/,/,/
本高2023届,14班,章宙壮,111,117,121.5,85,54,/,/,/,74
本高2023届,15班,荣柏奎,111,119,114.5,72,58,/,50,/,/
本高2023届,15班,舒梦霜,95,101,121.5,86,55,77,/,/,/
本高2023届,15班,翁姣果,108,116,123,80,52,/,/,/,76
本高2023届,1班,罗瀚弛,120,138,131,90,68,83,/,/,/
本高2023届,3班,高姿羚,115,104,140,/,/,/,71,80,74
本高2023届,4班,雷衡炎,114,74,125.5,/,/,59,58,87,/
本高2023届,5班,俞瑶菲,94,84,109,65,53,/,/,/,68.5
本高2023届,6班,曹菲娜,112,111,128.5,89,75,80,/,/,/
本高2023届,7班,褚颖疆,117,143,129.5,94,71,86,/,/,/
本高2023届,8班,骆亚丽,97,90,137.5,74,61,77,/,/,/
本高2023届,8班,侯兵舰,109,97,127.5,49,45,71,/,/,/
本高2023届,8班,束京妮,110,121,128.5,88,55,82,/,/,/
本高2023届,9班,范昀攀,104,110,109.5,67,48,/,58,/,/
本高2023届,9班,嵇嫣蓓,113,110,125.5,71,61,/,58,/,/
本高2023届,9班,谭馨曼,109,113,117.5,71,51,68,/,/,/
本高2023届,10班,翁嫚燕,108,106,113.5,60,56,46,/,/,/
本高2023届,10班,姬凡连,111,113,127.5,77,/,81,/,/,80
本高2023届,11班,邱忱芳,108,105,116.5,63,37,/,/,/,66
本高2023届,15班,姜珺琨,109,101,110.5,79,37,/,57,/,/
本高2023届,1班,单奕畅,123,125,143.5,69,65,73,/,/,/
本高2023届,5班,冯曼望,107,125,125,96,62,/,/,/,68
本高2023届,1班,滑骏岳,107,118,136,86,52,84,/,/,/
本高2023届,1班,祝斐姬,114,135,132,91,75,87,/,/,/
本高2023届,1班,钟默飙,117,136,135.5,84,72,82,/,/,/
本高2023届,1班,顾筱琪,112,142,132.5,86,78,92,/,/,/
本高2023届,1班,邹柯开,110,133,137,93,81,95,/,/,/
本高2023届,1班,富昆舰,118,121,134,87,70,/,/,/,80
本高2023届,1班,伍化莹,106,113,124.5,74,59,73,/,/,/
本高2023届,1班,柏眉喻,109,110,134.5,81,65,/,/,/,75
本高2023届,1班,宫维萍,109,137,125,95,87,87,/,/,/
本高2023届,1班,宋耘晨,114,142,141,93,84,86,/,/,/
本高2023届,2班,巫剑桐,115,84,135.5,/,/,/,66,81,70
本高2023届,2班,凤含可,111,90,113,/,/,67,54,86,/
本高2023届,2班,史洵樱,94,107,113.5,/,/,/,64,83,64
本高2023届,2班,包登刚,107,77,119,/,/,/,61,82,65
本高2023届,2班,蒙微喆,111,94,134.5,/,/,/,76,78,70
本高2023届,2班,晏菊优,97,102,107.5,/,/,/,63,85,72.5
本高2023届,2班,袁雯鸽,116,111,124,/,/,/,77,83,69
本高2023届,2班,诸跃千,106,91,127,/,/,/,64,82,68.5
本高2023届,2班,诸锋渊,124,119,133,/,/,/,63,67,72.5
本高2023届,3班,毕禄勉,109,109,123,/,/,64,68,77,/
本高2023届,3班,萧容珑,109,95,122.5,/,/,/,58,84,67
本高2023届,3班,经琴薇,114,87,140.5,/,/,69,58,79,/
本高2023届,4班,明熠子,121,99,122,/,/,/,70,77,84
本高2023届,4班,蒋力银,103,81,114.5,/,/,/,73,/,73
本高2023届,4班,韩耀琥,115,64,130.5,/,/,/,55,69,74
本高2023届,4班,颜灵欣,103,90,128,/,/,/,59,86,78
本高2023届,4班,崔姬竹,107,100,133.5,/,/,65,60,83,/
本高2023届,4班,蓬戈钥,111,83,120,/,/,/,59,79,68.5
本高2023届,4班,霍岚玥,98,75,121,/,/,52,62,82,/
本高2023届,4班,水祺丹,105,68,131.5,/,/,56,58,73,/
本高2023届,5班,纪雯燕,110,106,124.5,82,57,/,/,/,67.5
本高2023届,5班,花旻斐,93,116,113,82,60,/,/,/,79.5
本高2023届,5班,柯咪愉,116,133,117,78,73,/,/,/,66.5
本高2023届,5班,宋曦阳,108,105,121.5,73,46,/,/,/,68
本高2023届,5班,谢曦品,102,94,97,54,40,/,/,/,63
本高2023届,6班,刘曙研,111,119,129.5,81,61,75,/,/,/
本高2023届,6班,赖年鹰,107,104,134.5,77,61,/,57,/,/
本高2023届,6班,郎荔蓉,116,98,137,75,57,70,/,/,/
本高2023届,6班,井潜霄,103,119,140,65,58,59,/,/,/
本高2023届,6班,祁连蕴,123,134,143.5,89,72,76,/,/,/
本高2023届,6班,褚赢严,113,107,131,83,60,84,/,/,/
本高2023届,6班,平元桐,110,102,131.5,64,56,/,/,/,82.5
本高2023届,6班,尚知韶,104,97,80.5,63,49,77,/,/,/
本高2023届,6班,羿澄洋,104,145,124.5,100,87,78,/,/,/
本高2023届,6班,黄升意,114,129,135,88,73,/,/,/,75
本高2023届,6班,洪杏暖,110,115,138,92,64,86,/,/,/
本高2023届,7班,柳蕙纯,121,145,135,98,84,86,/,/,/
本高2023届,7班,顾婉多,119,138,140.5,/,/,/,73,82,82.5
本高2023届,7班,支洵伦,115,123,141.5,/,/,/,68,88,83
本高2023届,7班,牧利桦,116,136,141,97,80,/,/,/,82
本高2023届,7班,方巧霏,110,133,131.5,94,81,79,/,/,/
本高2023届,7班,高景景,94,123,130,94,81,84,/,/,/
本高2023届,8班,尚蜜晟,104,114,120.5,64,58,41,/,/,/
本高2023届,8班,邢遥宏,108,125,117.5,83,65,52,/,/,/
本高2023届,8班,邴容良,93,92,103,60,43,50,/,/,/
本高2023届,8班,霍一欣,105,94,109,52,31,37,/,/,/
本高2023届,8班,褚舰华,99,125,119.5,61,49,60,/,/,/
本高2023届,8班,戚望田,106,119,121,77,60,82,/,/,/
本高2023届,8班,娄昀瑗,118,127,133.5,85,74,69,/,/,/
本高2023届,8班,宋格竹,98,102,129.5,82,58,65,/,/,/
本高2023届,8班,刁嫚津,110,107,132,85,70,70,/,/,/
本高2023届,8班,卫金队,114,116,132.5,81,53,74,/,/,/
本高2023届,9班,荣菲兰,108,119,120,82,50,/,/,/,72
本高2023届,9班,薛琼礼,108,105,138,69,65,/,69,/,/
本高2023届,9班,赖纯典,98,69,106,56,50,/,/,/,68
本高2023届,9班,杜莲莹,104,74,106.5,54,34,/,52,/,/
本高2023届,9班,韩珊冶,106,108,134,82,60,63,/,/,/
本高2023届,9班,杜勇莹,/,124,119.5,89,/,/,/,/,/
本高2023届,9班,郁露芸,113,135,123.5,67,61,64,/,/,/
本高2023届,9班,束殉绮,100,114,128,79,54,/,66,/,/
本高2023届,9班,水煦笛,117,107,133.5,80,57,/,63,/,/
本高2023届,10班,颜颉弘,104,97,115.5,55,/,76,/,/,67
本高2023届,10班,韶琨畅,104,97,128,47,/,69,/,/,74.5
本高2023届,10班,秦晨尤,110,85,113,59,/,71,/,/,62
本高2023届,10班,农霞中,105,93,120,73,/,71,/,/,73
本高2023届,10班,顾子朋,88,83,89.5,47,/,50,/,/,61
本高2023届,10班,柳侃漫,108,117,/,/,47,61,/,/,/
本高2023届,10班,马迅中,105,113,109.5,76,/,78,/,/,76
本高2023届,10班,伊盼梦,/,/,107,/,/,/,/,/,28.5
本高2023届,10班,石洵晗,86,81,57.5,56,/,/,/,/,/
本高2023届,10班,沈保闻,97,94,119.5,63,/,67,/,/,63.5
本高2023届,10班,诸晟啸,48,108,/,/,/,/,/,/,/
本高2023届,10班,时万锁,12,/,/,/,/,/,/,/,/
本高2023届,10班,岑陵益,94,127,94,81,53,68,/,/,/
本高2023届,10班,赵榕伟,/,92,/,73,/,71,/,/,77.5
本高2023届,10班,咎野漪,109,125,125,83,56,68,/,/,/
本高2023届,11班,周争奔,104,102,91.5,81,60,/,/,/,79
本高2023届,11班,司楠硕,103,119,128.5,57,56,/,/,/,76.5
本高2023届,11班,朱茜莎,110,104,126.5,74,66,/,/,/,65.5
本高2023届,11班,邢栋墩,85,111,95,64,52,/,/,/,70.5
本高2023届,11班,左磊庚,107,84,99.5,46,25,/,/,/,73
本高2023届,11班,诸轩煦,108,125,127,84,55,/,/,/,75
本高2023届,11班,高莲杨,109,116,127.5,78,78,/,/,/,66
本高2023届,11班,林歌艳,113,119,124,77,63,/,/,/,79
本高2023届,11班,董雷坦,107,95,114,65,48,/,/,/,68
本高2023届,11班,蒙慧茉,105,105,117.5,77,69,/,/,/,74.5
本高2023届,11班,孙蕴如,110,91,129.5,80,47,/,/,/,79
本高2023届,12班,成旎炯,110,123,128.5,72,63,75,/,/,/
本高2023届,12班,计珂研,104,112,124.5,68,53,57,/,/,/
本高2023届,12班,邓或可,115,102,129,85,67,70,/,/,/
本高2023届,12班,邬讳齐,112,125,121.5,84,64,/,/,/,71
本高2023届,12班,幸珍毓,112,115,117,85,70,71,/,/,/
本高2023届,12班,莫茹蔷,112,114,131,77,70,68,/,/,/
本高2023届,12班,马国葵,98,100,27,81,66,3,/,/,/
本高2023届,12班,黄琼颖,109,91,126,63,52,60,/,/,/
本高2023届,12班,田翼羿,101,120,115.5,77,63,75,/,/,/
本高2023届,13班,褚忆祺,104,122,127.5,75,65,89,/,/,/
本高2023届,13班,严丽霓,102,103,121,37,37,45,/,/,/
本高2023届,13班,晏洲灵,107,83,114.5,69,57,81,/,/,/
本高2023届,13班,褚岳易,100,86,102.5,61,54,60,/,/,/
本高2023届,13班,卓心涌,93,92,118.5,44,39,80,/,/,/
本高2023届,13班,诸苹予,112,109,119,83,71,79,/,/,/
本高2023届,13班,伍升赛,104,98,121.5,71,58,80,/,/,/
本高2023届,13班,宣景川,106,112,107,79,49,77,/,/,/
本高2023届,13班,娄睿海,94,125,102,74,59,85,/,/,/
本高2023届,14班,韩羚娥,104,78,106,42,23,/,54,/,/
本高2023届,14班,左斌民,92,/,/,/,/,/,/,/,/
本高2023届,14班,伏意曼,109,77,97.5,48,36,/,52,/,/
本高2023届,14班,孙冉萌,106,118,126.5,94,81,/,/,/,77
本高2023届,14班,诸璟齐,106,135,134.5,85,60,67,/,/,/
本高2023届,14班,俞旋嵩,114,117,109.5,73,48,/,/,/,72
本高2023届,14班,朱盈嫒,100,108,86,57,47,/,/,/,58
本高2023届,14班,袁芳奕,102,96,93,61,63,67,/,/,/
本高2023届,15班,陆君峥,103,110,129.5,71,48,/,46,/,/
本高2023届,15班,石春乐,96,126,111.5,88,69,/,/,/,73
本高2023届,15班,朱群琴,92,105,104,89,52,/,/,/,65
本高2023届,15班,廉楷田,93,133,120.5,86,55,/,/,/,66
本高2023届,15班,宗绮桃,97,90,122.5,75,45,60,/,/,/
本高2023届,15班,洪波金,107,109,129,90,55,/,69,/,/
本高2023届,15班,雷怀孝,110,110,136,74,69,/,67,/,/
本高2023届,15班,牧熙隽,95,115,109,91,61,65,/,/,/
本高2023届,15班,邬歆冲,108,86,121.5,73,36,/,/,/,65.5
本高2023届,15班,徐龙焘,98,114,127.5,89,56,74,/,/,/
本高2023届,1班,解川渊,109,124,128,87,62,84,/,/,/
本高2023届,3班,唐倩欣,118,115,123.5,/,/,/,64,87,78.5
本高2023届,7班,俞廷涛,114,128,135.5,89,79,93,/,/,/
本高2023届,8班,武亭亮,105,113,131,78,59,72,/,/,/
本高2023届,8班,鲁连江,102,77,129.5,47,33,49,/,/,/
本高2023届,9班,嵇崇正,/,82,/,70,36,/,66,/,/
本高2023届,9班,齐嫚品,120,132,116.5,76,68,85,/,/,/
本高2023届,10班,马彬逸,102,57,109.5,45,/,60,/,/,75
本高2023届,12班,焦炼胤,100,96,132,72,48,/,62,/,/
本高2023届,13班,莫弋登,115,108,120.5,69,52,81,/,/,/
本高2023届,15班,邹裙毅,100,113,121.5,90,52,79,/,/,/
本高2023届,13班,费瑛娜,100,98,117,90,62,93,/,/,/
本高2023届,15班,赵啸伟,105,64,121,67,39,/,/,/,69
本高2023届,4班,刁心甫,104,96,125.5,/,/,/,69,85,69
本高2023届,13班,邓澎望,103,97,137.5,73,61,67,/,/,/
本高2023届,6班,冯喜运,108,135,137.5,90,74,71,/,/,/
本高2023届,6班,符湘艳,111,120,134,87,65,75,/,/,/
本高2023届,6班,翁秋或,103,113,126,76,53,57,/,/,/
本高2023届,7班,程炯珣,116,128,145.5,91,70,77,/,/,/
本高2023届,9班,缪鹃含,/,/,118.5,77,47,/,59,/,/
本高2023届,11班,戚茹珏,107,122,131,73,58,/,/,/,71
本高2023届,12班,农巧惠,110,109,131.5,69,56,65,/,/,/
本高2023届,12班,徐会萌,101,118,120.5,81,60,/,/,/,66
本高2023届,12班,邢海涓,111,112,128,82,66,75,/,/,/
本高2023届,13班,强露珣,98,91,103.5,37,/,66,/,/,/
本高2023届,14班,强翌甫,116,124,129.5,74,69,/,71,/,/
本高2023届,14班,杨润敏,107,111,129.5,68,53,/,76,/,/
本高2023届,14班,薛耘华,33,106,68,54,46,/,/,/,69
本高2023届,1班,滕鲁霖,117,125,122.5,85,78,80,/,/,/
本高2023届,3班,伍澎峻,101,90,94.5,/,/,/,52,80,76.5
本高2023届,4班,滕泓想,110,84,119,/,/,71,79,78,/
本高2023届,6班,张丁锴,106,137,121,81,66,/,/,/,74
本高2023届,8班,罗魁琥,106,112,126,65,48,58,/,/,/
本高2023届,10班,陈妙湘,115,102,114.5,71,/,81,/,/,76
本高2023届,10班,凤尚亮,107,102,126.5,90,/,84,/,/,79.5
本高2023届,10班,钱思钧,117,118,128.5,84,/,77,/,/,78
本高2023届,10班,伍美韵,108,111,127.5,66,/,54,/,/,72.5
本高2023届,13班,谢达灏,100,111,131.5,70,44,77,/,/,/
本高2023届,1班,凌壮西,118,134,139,80,72,78,/,/,/
本高2023届,1班,舒彩茉,106,113,125.5,85,77,73,/,/,/
本高2023届,2班,鲁朗韵,110,115,139,/,/,65,67,79,/
本高2023届,9班,万泓嫱,105,109,134,64,49,49,/,/,/
本高2023届,12班,明昱泉,110,98,130,63,54,59,/,/,/
本高2023届,12班,邴娟霓,109,118,126.5,82,58,77,/,/,/
本高2023届,15班,韩盼弛,102,116,124,86,39,67,/,/,/
本高2023届,1班,汤柱诺,120,119,137.5,89,74,/,69,/,/
本高2023届,1班,齐嫒春,109,141,132,91,74,85,/,/,/
本高2023届,1班,武洵歆,103,125,140,90,72,71,/,/,/
本高2023届,1班,杭倩习,106,90,127.5,77,59,/,63,/,/
本高2023届,1班,舒铎汉,100,131,121.5,84,57,76,/,/,/
本高2023届,2班,奚冶雷,108,82,128.5,/,/,84,62,72,/
本高2023届,4班,方姗歆,105,73,133,/,/,70,76,/,/
本高2023届,4班,黎珊凝,54,90,117.5,/,/,/,72,79,67
本高2023届,5班,计蓉纳,113,106,126,46,50,/,/,/,78
本高2023届,5班,杜书皎,109,114,104,72,49,/,/,/,76
本高2023届,7班,徐芯乐,104,139,141.5,92,84,80,/,/,/
本高2023届,7班,夏轩准,124,137,140,92,69,/,/,/,89
本高2023届,9班,时茂林,100,106,132.5,74,61,/,67,/,/
本高2023届,9班,祁莉优,110,137,139.5,90,70,/,80,/,/
本高2023届,10班,虞淮中,95,83,90,58,/,55,/,/,74
本高2023届,10班,宋进兴,96,/,89.5,55,52,45,/,/,/
本高2023届,10班,钱吉曙,106,104,95.5,82,70,79,/,/,/
本高2023届,14班,傅娥珊,107,119,120,78,57,/,/,/,73
本高2023届,15班,仲莺蓉,99,102,119.5,79,38,/,58,/,/
本高2023届,1班,卫辰然,105,139,131,98,86,82,/,/,/
本高2023届,1班,奚行孟,116,132,126.5,86,78,89,/,/,/
本高2023届,1班,花默争,106,118,123,74,44,80,/,/,/
本高2023届,3班,井牧贤,106,100,122.5,/,/,51,53,71,/
本高2023届,3班,农烽柳,110,89,121,/,/,41,73,82,/
本高2023届,4班,薄湘宝,110,104,136.5,/,/,/,65,85,72.5
本高2023届,4班,伍牧飞,106,105,124.5,/,/,63,66,77,/
本高2023届,4班,幸余举,104,/,107.5,/,/,/,44,74,65
本高2023届,4班,谭令雄,100,104,137.5,/,/,/,61,78,77
本高2023届,5班,郜潇坦,93,116,111,70,44,/,/,/,69
本高2023届,5班,孟耘妃,110,97,134,63,47,/,/,/,68
本高2023届,6班,周娣娅,103,108,135,82,77,79,/,/,/
本高2023届,6班,岑佳鼎,109,134,127.5,91,73,81,/,/,/
本高2023届,7班,班丹鹃,121,143,141.5,95,86,93,/,/,/
本高2023届,8班,邢创奔,101,106,110,60,20,56,/,/,/
本高2023届,9班,鲍郁雷,96,105,122.5,79,56,/,/,/,70
本高2023届,9班,昌鹤晋,102,114,121.5,70,37,69,/,/,/
本高2023届,9班,郑声迁,101,98,111.5,58,49,62,/,/,/
本高2023届,9班,伍麟军,105,96,131.5,57,55,80,/,/,/
本高2023届,10班,韦昶逸,105,110,126,82,53,77,/,/,/
本高2023届,10班,贾妤涓,107,132,127,83,77,78,/,/,/
本高2023届,10班,唐心焕,81,83,119,69,/,63,/,/,66
本高2023届,10班,罗恩达,108,130,121.5,81,79,70,/,/,/
本高2023届,12班,骆珣卉,90,91,/,38,58,/,/,/,66
本高2023届,12班,郭蜜念,108,97,132,/,/,/,/,/,/
本高2023届,13班,吕豪弛,105,104,125,75,59,69,/,/,/
本高2023届,13班,任茵韵,95,96,106.5,68,51,65,/,/,/
本高2023届,13班,钟魁恩,100,70,98.5,47,39,67,/,/,/
本高2023届,13班,瞿俭榕,98,96,107,54,54,66,/,/,/
本高2023届,14班,郭巧绮,109,89,119.5,73,41,66,/,/,/
本高2023届,15班,葛煜斌,90,111,114,93,49,/,/,/,69
本高2023届,1班,幸章朴,104,148,132,81,68,82,/,/,/
本高2023届,1班,卫圣屹,106,106,130,73,67,83,/,/,/
本高2023届,2班,赖蒙可,98,98,106,/,/,51,66,77,/
本高2023届,2班,邵伟益,116,93,127,/,/,/,70,88,71
本高2023届,2班,韩剑名,111,88,131,/,/,/,64,72,71
本高2023届,2班,孟瑾娆,109,96,134,/,/,/,57,72,62
本高2023届,2班,梅瑾月,116,72,138,/,/,/,63,81,87
本高2023届,2班,蒋柳琪,96,113,129,/,/,/,59,80,70
本高2023届,3班,翟琰祯,121,113,135,/,/,/,59,79,75.5
本高2023届,3班,郭彤默,101,92,120.5,/,/,56,60,84,/
本高2023届,3班,农蕴纳,102,56,125,/,/,/,53,75,66.5
本高2023届,4班,沈齐一,109,106,113,/,/,/,61,75,70.5
本高2023届,4班,顾帆嵘,107,113,129.5,/,/,86,70,88,/
本高2023届,4班,田殉晔,102,59,/,/,/,59,47,72,/
本高2023届,4班,莫西庄,108,109,116,/,/,56,51,75,/
本高2023届,4班,左冠斌,108,91,135,/,/,/,60,71,63
本高2023届,4班,戚鸣焱,96,/,/,/,/,/,/,/,/
本高2023届,5班,唐林杰,102,67,125.5,72,45,/,/,/,70
本高2023届,5班,水娜妮,113,124,117.5,79,58,/,/,/,72
本高2023届,5班,齐泰品,102,88,98.5,74,43,/,/,/,55
本高2023届,5班,汪芸莹,116,80,135,66,52,/,/,/,71
本高2023届,5班,郑惟蔷,86,109,95.5,70,42,/,/,/,64
本高2023届,6班,鲍标成,115,108,126,82,60,87,/,/,/
本高2023届,6班,滕迎枫,111,124,132,78,69,/,68,/,/
本高2023届,6班,吴丽婷,91,120,138,75,72,84,/,/,/
本高2023届,6班,高艳娥,98,134,128,90,74,/,/,/,68
本高2023届,7班,左聪佳,117,134,142.5,91,73,87,/,/,/
本高2023届,7班,褚镇彬,114,124,128.5,/,/,88,74,84,/
本高2023届,8班,毛咏铎,111,120,128,95,69,78,/,/,/
本高2023届,8班,单日发,96,111,108,38,43,63,/,/,/
本高2023届,8班,彭灏岗,105,111,123,80,57,65,/,/,/
本高2023届,8班,袁运平,114,107,125.5,73,58,68,/,/,/
本高2023届,9班,陆爽文,95,/,78,51,14,/,/,/,72
本高2023届,9班,盛荔秋,97,101,119.5,69,30,63,/,/,/
本高2023届,9班,伏畅郁,93,89,119.5,63,34,/,63,/,/
本高2023届,9班,杜迅梅,107,110,134.5,60,48,/,56,/,/
本高2023届,9班,邵骊茵,110,105,118,79,60,60,/,/,/
本高2023届,9班,井队俭,110,127,121,76,59,/,74,/,/
本高2023届,9班,邓颉轶,57,97,/,58,/,/,/,/,/
本高2023届,9班,万创炳,114,112,118.5,64,61,/,51,/,/
本高2023届,9班,包念迅,37,128,92.5,92,79,/,/,/,74
本高2023届,10班,晏为妮,97,91,112,62,/,66,/,/,67
本高2023届,10班,骆凝娟,50,47,67,65,/,37,/,/,34
本高2023届,10班,林嫚泓,103,75,94,43,/,56,/,/,66
本高2023届,10班,秋泳薇,120,97,139.5,66,63,87,/,/,/
本高2023届,10班,金怡文,104,/,/,/,/,/,/,/,/
本高2023届,11班,冯兵弘,108,100,114.5,46,60,/,/,/,66
本高2023届,11班,童纯妹,110,114,130,62,43,/,/,/,71
本高2023届,11班,吕婉诗,111,98,133.5,59,55,/,/,/,65
本高2023届,12班,左忆馨,90,106,114.5,64,44,/,/,/,70
本高2023届,12班,龙攀战,108,51,126,30,22,/,/,/,58
本高2023届,12班,顾惠美,91,122,129.5,78,73,70,/,/,/
本高2023届,12班,祖菊慧,101,85,124,37,55,/,65,/,/
本高2023届,12班,范钟熠,106,104,140,84,65,68,/,/,/
本高2023届,12班,奚微铭,93,117,126,73,50,68,/,/,/
本高2023届,12班,莫丽谨,104,106,117.5,69,54,81,/,/,/
本高2023届,13班,乔达凝,100,105,117.5,68,53,57,/,/,/
本高2023届,13班,石冰尉,99,104,127,66,57,52,/,/,/
本高2023届,13班,梅亮钊,103,114,107.5,80,65,77,/,/,/
本高2023届,13班,支孝冰,98,114,116,80,64,74,/,/,/
本高2023届,13班,牧坤孟,98,85,130,65,30,60,/,/,/
本高2023届,14班,范丹亚,110,84,136.5,63,44,/,/,/,66
本高2023届,14班,李纯勋,102,102,119.5,51,56,/,57,/,/
本高2023届,14班,韶航珑,105,120,118.5,85,74,88,/,/,/
本高2023届,14班,许然西,103,88,106.5,55,43,60,/,/,/
本高2023届,14班,牧红爽,100,114,133.5,77,72,70,/,/,/
本高2023届,14班,邵姝凡,108,120,142.5,69,47,44,/,/,/
本高2023届,15班,俞想妤,102,85,89,56,41,55,/,/,/
本高2023届,15班,滑朝建,102,102,128.5,69,48,57,/,/,/
本高2023届,1班,徐冉为,108,122,137,93,78,86,/,/,/
本高2023届,1班,徐嵘音,118,130,136,93,71,/,/,/,76
本高2023届,1班,穆玫冰,119,129,122,88,66,79,/,/,/
本高2023届,2班,殷妃义,93,76,118,/,/,35,53,70,/
本高2023届,2班,钟贞凡,90,66,106.5,/,/,/,38,59,63
本高2023届,2班,吴涌钧,110,44,114,/,/,/,47,78,78.5
本高2023届,2班,江榕晶,111,97,117.5,/,/,/,54,72,61
本高2023届,3班,时城祯,105,121,134.5,/,/,64,69,82,/
本高2023届,3班,芮昭花,123,137,137.5,/,/,/,73,91,83
本高2023届,3班,姜渝锬,116,108,118.5,/,/,79,55,82,/
本高2023届,3班,汤歌莺,95,109,136.5,/,/,79,77,80,/
本高2023届,4班,怀茉琚,107,104,124.5,/,/,/,65,71,71
本高2023届,5班,薛芬菲,110,101,122,60,42,/,/,/,72
本高2023届,5班,姚隽耘,100,111,108,62,48,/,/,/,48.5
本高2023届,5班,仰霄宪,100,115,/,/,/,/,/,/,/
本高2023届,6班,颜斯谨,109,128,130.5,71,70,/,/,/,82
本高2023届,6班,昌樱素,120,121,140.5,82,61,79,/,/,/
本高2023届,7班,沈薇亚,111,122,133.5,89,86,77,/,/,/
本高2023届,7班,郦珏茹,118,133,135.5,96,89,88,/,/,/
本高2023届,7班,秦淳雪,119,134,139,91,84,89,/,/,/
本高2023届,8班,阮杏苹,100,101,129,70,55,73,/,/,/
本高2023届,8班,程纯驰,107,106,126.5,83,58,75,/,/,/
本高2023届,8班,瞿典珉,102,99,116,56,50,75,/,/,/
本高2023届,8班,齐隽香,115,118,122,75,62,78,/,/,/
本高2023届,9班,祖知杉,112,100,119,92,60,/,67,/,/
本高2023届,9班,毕嫣栋,104,107,106,66,45,67,/,/,/
本高2023届,10班,孙田轲,93,77,112,54,/,71,/,/,79
本高2023届,10班,孙贤实,115,115,132.5,96,/,86,/,/,85
本高2023届,10班,符鹏茂,117,107,130,85,67,76,/,/,/
本高2023届,10班,郭锨丁,104,111,127,75,74,78,/,/,/
本高2023届,10班,夏晔吉,108,98,110,78,/,73,/,/,74
本高2023届,11班,姜牧定,98,118,136,74,61,/,/,/,76
本高2023届,11班,宣霁娓,112,100,131.5,71,53,/,/,/,63
本高2023届,11班,钱昕乐,113,109,115.5,77,63,/,/,/,85
本高2023届,11班,裘羽谊,101,106,118,78,64,/,/,/,63
本高2023届,12班,宋琪淑,103,90,103.5,50,25,57,/,/,/
本高2023届,12班,郎甜雯,101,143,128,77,66,77,/,/,/
本高2023届,12班,马薇闯,110,105,124.5,64,40,/,58,/,/
本高2023届,13班,莫珑凝,92,97,93.5,60,28,58,/,/,/
本高2023届,13班,荣喜坤,95,97,112.5,60,47,84,/,/,/
本高2023届,13班,贡思溢,107,102,138,85,48,83,/,/,/
本高2023届,13班,伍琰忱,96,86,94.5,87,38,62,/,/,/
本高2023届,13班,魏融冶,101,101,125,75,52,63,/,/,/
本高2023届,13班,常仁宙,102,70,102,36,21,68,/,/,/
本高2023届,14班,金洵冲,115,73,62.5,48,/,/,/,/,/
本高2023届,15班,周恩禹,93,128,122,89,56,64,/,/,/
本高2023届,15班,徐屹友,92,114,130.5,87,62,70,/,/,/
本高2023届,15班,武品恩,107,103,105,71,45,66,/,/,/
本高2023届,1班,庞霁隽,114,120,132.5,89,73,/,/,/,72.5
本高2023届,1班,童歆瑶,/,/,135,/,53,68,/,/,/
本高2023届,1班,任晔喜,110,131,130.5,97,67,/,/,/,87
本高2023届,2班,诸冰朵,113,95,133.5,/,/,76,65,80,/
本高2023届,2班,宣子麟,111,97,136,/,/,/,73,83,75
本高2023届,2班,董盼竹,115,109,127,/,/,78,60,90,/
本高2023届,2班,凤榕贞,100,99,71,/,/,/,67,85,61
本高2023届,2班,郭晨朝,108,112,125,/,/,72,69,76,/
本高2023届,3班,翁晶恋,107,120,135,/,/,60,63,73,/
本高2023届,3班,芮韵习,115,135,140,/,/,69,64,83,/
本高2023届,3班,侯娆璐,121,100,124,/,/,/,69,86,78.5
本高2023届,4班,徐融仲,96,80,112.5,/,/,/,60,86,63
本高2023届,4班,顾芝默,106,62,118,/,/,56,58,82,/
本高2023届,4班,蒙熠莺,119,108,120,/,/,/,72,84,83
本高2023届,4班,庞炜豪,109,100,135.5,/,/,/,68,83,73.5
本高2023届,4班,姚盈游,119,99,136.5,/,/,/,63,73,73.5
本高2023届,4班,怀朴魁,96,112,132,/,/,71,66,75,/
本高2023届,4班,范颜佳,46,88,116.5,/,/,/,38,72,57.5
本高2023届,4班,包冶荷,112,96,131.5,/,/,/,60,81,69
本高2023届,5班,秦萌芯,112,113,119,61,60,/,/,/,69
本高2023届,5班,郝仲勤,115,115,123.5,81,70,/,/,/,79.5
本高2023届,6班,杜姝若,120,112,130.5,78,61,/,59,/,/
本高2023届,6班,云野婕,109,116,135.5,69,58,/,/,/,72
本高2023届,7班,陆杉真,115,128,131.5,/,/,/,70,88,82
本高2023届,7班,瞿靖宜,105,128,134,86,71,86,/,/,/
本高2023届,8班,郜征如,118,111,129,70,51,63,/,/,/
本高2023届,8班,裴庚嘉,107,117,103,76,52,83,/,/,/
本高2023届,8班,纪彤荟,118,124,124.5,91,52,79,/,/,/
本高2023届,9班,尚青楷,101,109,129,81,50,/,70,/,/
本高2023届,9班,霍肠领,95,127,115,73,49,/,70,/,/
本高2023届,9班,缪旋奎,92,94,123,32,27,53,/,/,/
本高2023届,9班,奚玲红,95,118,119,73,49,54,/,/,/
本高2023届,10班,薛珂舜,109,108,123,79,/,72,/,/,78
本高2023届,10班,管杨忆,101,67,124.5,39,/,47,/,/,74.5
本高2023届,11班,宁雅容,108,103,140,66,56,/,/,/,67.5
本高2023届,11班,祖平锁,104,88,88,49,59,/,/,/,76
本高2023届,11班,富有权,112,105,127.5,63,62,/,/,/,78
本高2023届,11班,孔娟霜,100,90,118.5,70,49,/,/,/,61
本高2023届,11班,谢瑶竹,104,111,131.5,79,64,/,/,/,79
本高2023届,11班,褚强琰,105,128,87.5,80,49,/,/,/,52.5
本高2023届,11班,鲍柯元,113,130,134.5,80,71,/,/,/,78.5
本高2023届,11班,柯予楚,109,100,129.5,89,59,/,/,/,76.5
本高2023届,11班,龚千萱,105,100,120,55,53,/,/,/,70
本高2023届,12班,支霞露,109,101,/,76,46,/,/,/,/
本高2023届,12班,伏音昭,97,85,126.5,61,28,52,/,/,/
本高2023届,12班,何耘媛,110,115,136.5,65,62,72,/,/,/
本高2023届,12班,祁润熠,99,124,113,77,53,46,/,/,/
本高2023届,12班,秦泳烨,99,92,126.5,64,38,/,/,/,64
本高2023届,12班,郑非鹏,92,64,124.5,29,34,38,/,/,/
本高2023届,12班,束鑫天,104,102,/,63,54,64,/,/,/
本高2023届,13班,管谦革,105,87,125,71,44,68,/,/,/
本高2023届,13班,倪婵芯,95,97,120,81,58,63,/,/,/
本高2023届,14班,仰伶梦,97,100,131.5,58,68,83,/,/,/
本高2023届,14班,秋姝蕙,119,134,132.5,89,51,/,65,/,/
本高2023届,14班,苏昌飚,112,76,114,49,26,/,57,/,/
本高2023届,15班,童樱忆,113,104,128.5,58,53,66,/,/,/
本高2023届,1班,方芝沁,109,129,130.5,78,65,74,/,/,/
本高2023届,1班,武劫柏,118,124,139,89,84,/,/,/,82
本高2023届,1班,毕名飙,105,128,132,94,63,80,/,/,/
本高2023届,1班,伍琦婵,110,145,134,90,77,/,/,/,67
本高2023届,1班,葛延嘉,101,125,138.5,74,65,/,/,/,81
本高2023届,2班,姜林韧,96,103,123.5,/,/,/,71,76,68
本高2023届,2班,姜和牧,111,85,130,/,/,/,60,80,74
本高2023届,2班,秦涌双,119,112,134.5,/,/,80,71,90,/
本高2023届,2班,陶珑唯,105,110,119.5,/,/,70,59,72,/
本高2023届,2班,芮霁曦,102,73,136,/,/,/,56,80,70
本高2023届,2班,倪芝宝,111,98,/,/,/,/,74,/,65
本高2023届,2班,伏宽岱,104,80,119,/,/,70,61,74,/
本高2023届,3班,仲皓亮,116,115,137,/,/,77,74,86,/
本高2023届,3班,强松利,110,93,146,/,/,78,52,85,/
本高2023届,3班,嵇羚慧,113,120,134.5,/,/,/,68,82,82
本高2023届,3班,邱婷丹,99,86,116.5,/,/,54,42,77,/
本高2023届,3班,龙航卿,102,98,132,/,/,41,60,73,/
本高2023届,3班,宁均涌,116,124,138.5,/,/,77,67,82,/
本高2023届,4班,汪勉昀,117,106,129,/,/,/,60,90,82
本高2023届,4班,温桦舒,103,86,119.5,/,/,/,74,74,65.5
本高2023届,4班,巫蔓雅,107,96,123.5,/,/,/,57,83,70
本高2023届,4班,祝理炯,103,96,129.5,/,/,/,53,82,68
本高2023届,4班,劳如汉,108,80,99.5,/,/,41,54,71,/
本高2023届,4班,龙莉绚,110,87,129,/,/,/,65,76,73
本高2023届,4班,尤牧隽,112,107,118,/,/,61,78,80,/
本高2023届,5班,周悦月,112,112,117,69,57,/,/,/,73.5
本高2023届,5班,时晨腾,97,100,111,76,57,/,/,/,65
本高2023届,6班,羿曼晨,100,111,122,74,62,84,/,/,/
本高2023届,6班,郁真婷,103,128,121.5,77,56,84,/,/,/
本高2023届,6班,蒋轶旭,112,125,140.5,86,69,/,/,/,80
本高2023届,6班,薛西翰,112,123,138,86,70,79,/,/,/
本高2023届,6班,秦裙嘉,106,98,135.5,57,67,87,/,/,/
本高2023届,6班,郜韶旎,/,/,/,/,/,74,/,/,/
本高2023届,6班,丁军陵,110,136,135,80,75,/,/,/,73.5
本高2023届,6班,谢勉子,114,115,137.5,93,61,75,/,/,/
本高2023届,7班,刘煦城,113,144,134.5,92,77,84,/,/,/
本高2023届,7班,常原焘,108,146,135,99,82,83,/,/,/
本高2023届,8班,农昀珠,99,117,110,81,55,63,/,/,/
本高2023届,8班,史化闯,100,124,109,59,49,53,/,/,/
本高2023届,8班,颜松坤,106,94,122,60,43,68,/,/,/
本高2023届,8班,舒莺靓,100,114,110,58,63,75,/,/,/
本高2023届,8班,姬营晗,108,112,133.5,77,52,63,/,/,/
本高2023届,8班,贡和福,93,80,83.5,58,42,71,/,/,/
本高2023届,8班,祖瑶韶,111,113,127,89,54,87,/,/,/
本高2023届,8班,焦盼姬,89,122,126.5,78,74,71,/,/,/
本高2023届,9班,颜璞蔚,107,110,127.5,79,63,79,/,/,/
本高2023届,9班,韦淞晨,112,106,113.5,44,35,/,64,/,/
本高2023届,9班,倪晔盼,108,109,98,72,/,/,/,/,/
本高2023届,9班,吕佳壮,101,99,113.5,86,46,/,/,/,68.5
本高2023届,10班,戴碧婉,102,77,115.5,37,/,71,/,/,63
本高2023届,10班,宁桢旖,52,96,/,/,/,/,/,/,/
本高2023届,10班,周为君,112,78,125,74,/,80,/,/,82.5
本高2023届,10班,宫嘉深,106,84,113,61,/,66,/,/,71
本高2023届,10班,施如艾,100,84,111.5,47,48,52,/,/,/
本高2023届,10班,鲁暖习,108,122,122,85,72,72,/,/,/
本高2023届,10班,潘通争,90,116,128.5,77,61,70,/,/,/
本高2023届,11班,黄翠妤,107,98,127,76,50,/,/,/,77
本高2023届,11班,彭松朔,110,110,119,62,59,/,/,/,70
本高2023届,11班,焦柳韶,103,110,128.5,73,60,/,/,/,75.5
本高2023届,11班,诸丰乾,106,106,128,54,51,/,/,/,59
本高2023届,11班,符格霓,100,101,129.5,72,69,/,/,/,79
本高2023届,11班,惠化锴,42,100,95.5,56,33,/,/,/,62
本高2023届,11班,梅薇彬,100,110,134,83,69,/,/,/,82
本高2023届,11班,柳曦润,102,98,140,70,54,/,/,/,73
本高2023届,11班,曹江疆,111,108,122,69,70,/,/,/,60
本高2023届,12班,宣烈禄,101,118,128.5,73,50,75,/,/,/
本高2023届,12班,孙轶名,63,115,129.5,89,54,/,/,/,68.5
本高2023届,12班,尤知鹃,105,108,140.5,66,55,82,/,/,/
本高2023届,12班,万衡林,102,116,118.5,66,53,66,/,/,/
本高2023届,12班,孙瑾晗,109,92,130.5,70,51,/,64,/,/
本高2023届,12班,任坦将,108,141,119.5,81,65,67,/,/,/
本高2023届,13班,童铮墨,109,90,126,62,61,67,/,/,/
本高2023届,13班,刁赫锟,97,111,121.5,83,57,72,/,/,/
本高2023届,13班,司淞建,107,74,112,52,43,62,/,/,/
本高2023届,14班,孔珠恋,110,118,130,86,75,/,71,/,/
本高2023届,14班,云翰炳,110,89,124.5,65,47,/,61,/,/
本高2023届,14班,王沙琰,114,109,131.5,62,51,/,72,/,/
本高2023届,14班,祖薇实,100,101,130.5,65,32,/,/,/,65
本高2023届,14班,解如果,102,116,118.5,72,51,/,71,/,/
本高2023届,15班,刘颢路,108,112,134,83,61,69,/,/,/
本高2023届,15班,计祺献,105,116,120.5,88,52,/,/,/,65
本高2023届,15班,吉妙菱,93,104,126.5,49,36,/,55,/,/
本高2023届,15班,孟灵珍,86,98,102.5,73,49,57,/,/,/
本高2023届,15班,黄贤珉,102,123,108.5,96,64,/,/,/,75
本高2023届,15班,龚红浪,108,103,133,82,61,82,/,/,/
本高2023届,15班,时良欢,107,89,121,86,63,/,58,/,/
本高2023届,15班,诸舰壮,98,98,123,74,46,/,63,/,/
本高2023届,15班,管女恋,114,110,121,80,50,75,/,/,/
